---
title: mysqlåŸºç¡€
categories:
  - mysql
tags:
  - mysql
abbrlink: 8e40d0ad
date: 2020-02-23 15:58:49
---


<!-- @import "[TOC]" {cmd="toc" depthFrom=1 depthTo=6 orderedList=false} -->

<!-- code_chunk_output -->

- [mysqlåŸºç¡€](#mysqlåŸºç¡€)
  - [å‡†å¤‡mysql](#å‡†å¤‡mysql)
  - [mysqlå¸¸ç”¨æ•°æ®ç±»å‹](#mysqlå¸¸ç”¨æ•°æ®ç±»å‹)
    - [æ•°å€¼ç±»å‹](#æ•°å€¼ç±»å‹)
    - [æ—¶é—´ç±»å‹](#æ—¶é—´ç±»å‹)
    - [å­—ç¬¦ä¸²ç±»å‹](#å­—ç¬¦ä¸²ç±»å‹)
    - [éªŒè¯æ•°æ®ç±»å‹ TINYINT](#éªŒè¯æ•°æ®ç±»å‹-tinyint)
  - [åŸºæœ¬è¯­æ³•](#åŸºæœ¬è¯­æ³•)
  - [å»ºè¡¨çº¦æŸ](#å»ºè¡¨çº¦æŸ)
    - [ä¸»é”®çº¦æŸ](#ä¸»é”®çº¦æŸ)
    - [è”åˆä¸»é”®](#è”åˆä¸»é”®)
    - [è‡ªå¢çº¦æŸ](#è‡ªå¢çº¦æŸ)
    - [ä½¿ç”¨alterä¿®æ”¹è¡¨å±æ€§](#ä½¿ç”¨alterä¿®æ”¹è¡¨å±æ€§)
    - [å”¯ä¸€çº¦æŸ](#å”¯ä¸€çº¦æŸ)
    - [éç©ºçº¦æŸ](#éç©ºçº¦æŸ)
    - [é»˜è®¤çº¦æŸ](#é»˜è®¤çº¦æŸ)
    - [å¤–é”®çº¦æŸ](#å¤–é”®çº¦æŸ)
  - [æ•°æ®åº“çš„ä¸‰å¤§è®¾è®¡èŒƒå¼](#æ•°æ®åº“çš„ä¸‰å¤§è®¾è®¡èŒƒå¼)
  - [æŸ¥è¯¢](#æŸ¥è¯¢)
    - [å‡†å¤‡æ•°æ®](#å‡†å¤‡æ•°æ®)
    - [åŸºç¡€æŸ¥è¯¢](#åŸºç¡€æŸ¥è¯¢)
    - [åˆ†ç»„æŸ¥è¯¢](#åˆ†ç»„æŸ¥è¯¢)
    - [å¤šè¡¨æŸ¥è¯¢](#å¤šè¡¨æŸ¥è¯¢)
    - [å­æŸ¥è¯¢](#å­æŸ¥è¯¢)
    - [YEAR å‡½æ•°ä¸å¸¦ IN å…³é”®å­—æŸ¥è¯¢](#year-å‡½æ•°ä¸å¸¦-in-å…³é”®å­—æŸ¥è¯¢)
    - [å¤šå±‚åµŒå¥—å­æŸ¥è¯¢](#å¤šå±‚åµŒå¥—å­æŸ¥è¯¢)
    - [UNION å’Œ NOTIN çš„ä½¿ç”¨](#union-å’Œ-notin-çš„ä½¿ç”¨)
    - [ANY è¡¨ç¤ºè‡³å°‘ä¸€ä¸ª - DESC ( é™åº )](#any-è¡¨ç¤ºè‡³å°‘ä¸€ä¸ª-desc-é™åº)
    - [è¡¨ç¤ºæ‰€æœ‰çš„ ALL](#è¡¨ç¤ºæ‰€æœ‰çš„-all)
    - [æ¡ä»¶åŠ ç»„ç­›é€‰](#æ¡ä»¶åŠ ç»„ç­›é€‰)
    - [NOTLIKE æ¨¡ç³ŠæŸ¥è¯¢å–å](#notlike-æ¨¡ç³ŠæŸ¥è¯¢å–å)
    - [YEAR ä¸ NOW å‡½æ•°](#year-ä¸-now-å‡½æ•°)
    - [MAX ä¸ MIN å‡½æ•°](#max-ä¸-min-å‡½æ•°)

<!-- /code_chunk_output -->


learn mysql ğŸ“š
<!-- more -->



# mysqlåŸºç¡€

## å‡†å¤‡mysql

## mysqlå¸¸ç”¨æ•°æ®ç±»å‹

mysql å¤§è‡´å¯ä»¥åˆ†ä¸ºä¸‰ç±»ï¼š
- æ•°å€¼
- æ—¥æœŸ/æ—¶é—´
- å­—ç¬¦ä¸²(å­—ç¬¦)ç±»å‹

https://www.runoob.com/mysql/mysql-data-types.html 

### æ•°å€¼ç±»å‹
ç±»å‹	å¤§å°	èŒƒå›´ï¼ˆæœ‰ç¬¦å·ï¼‰	èŒƒå›´ï¼ˆæ— ç¬¦å·ï¼‰	ç”¨é€”
TINYINT	1 å­—èŠ‚	(-128ï¼Œ127)	(0ï¼Œ255)	å°æ•´æ•°å€¼
SMALLINT	2 å­—èŠ‚	(-32 768ï¼Œ32 767)	(0ï¼Œ65 535)	å¤§æ•´æ•°å€¼
MEDIUMINT	3 å­—èŠ‚	(-8 388 608ï¼Œ8 388 607)	(0ï¼Œ16 777 215)	å¤§æ•´æ•°å€¼
INTæˆ–INTEGER	4 å­—èŠ‚	(-2 147 483 648ï¼Œ2 147 483 647)	(0ï¼Œ4 294 967 295)	å¤§æ•´æ•°å€¼
BIGINT	8 å­—èŠ‚	(-9,223,372,036,854,775,808ï¼Œ9 223 372 036 854 775 807)	(0ï¼Œ18 446 744 073 709 551 615)	æå¤§æ•´æ•°å€¼
FLOAT	4 å­—èŠ‚	(-3.402 823 466 E+38ï¼Œ-1.175 494 351 E-38)ï¼Œ0ï¼Œ(1.175 494 351 E-38ï¼Œ3.402 823 466 351 E+38)	0ï¼Œ(1.175 494 351 E-38ï¼Œ3.402 823 466 E+38)	å•ç²¾åº¦
æµ®ç‚¹æ•°å€¼
DOUBLE	8 å­—èŠ‚	(-1.797 693 134 862 315 7 E+308ï¼Œ-2.225 073 858 507 201 4 E-308)ï¼Œ0ï¼Œ(2.225 073 858 507 201 4 E-308ï¼Œ1.797 693 134 862 315 7 E+308)	0ï¼Œ(2.225 073 858 507 201 4 E-308ï¼Œ1.797 693 134 862 315 7 E+308)	åŒç²¾åº¦
æµ®ç‚¹æ•°å€¼
DECIMAL	å¯¹DECIMAL(M,D) ï¼Œå¦‚æœM>Dï¼Œä¸ºM+2å¦åˆ™ä¸ºD+2	ä¾èµ–äºMå’ŒDçš„å€¼	ä¾èµ–äºMå’ŒDçš„å€¼	å°æ•°å€¼

### æ—¶é—´ç±»å‹
ç±»å‹	å¤§å°        èŒƒå›´	æ ¼å¼	ç”¨é€”
        (å­—èŠ‚)	
DATE	3	1000-01-01/9999-12-31	YYYY-MM-DD	æ—¥æœŸå€¼
TIME	3	'-838:59:59'/'838:59:59'	HH:MM:SS	æ—¶é—´å€¼æˆ–æŒç»­æ—¶é—´
YEAR	1	1901/2155	YYYY	å¹´ä»½å€¼
DATETIME	8	1000-01-01 00:00:00/9999-12-31 23:59:59	YYYY-MM-DD HH:MM:SS	æ··åˆæ—¥æœŸå’Œæ—¶é—´å€¼
TIMESTAMP	4	
1970-01-01 00:00:00/2038

ç»“æŸæ—¶é—´æ˜¯ç¬¬ 2147483647 ç§’ï¼ŒåŒ—äº¬æ—¶é—´ 2038-1-19 11:14:07ï¼Œæ ¼æ—å°¼æ²»æ—¶é—´ 2038å¹´1æœˆ19æ—¥ å‡Œæ™¨ 03:14:07

YYYYMMDD HHMMSS	æ··åˆæ—¥æœŸå’Œæ—¶é—´å€¼ï¼Œæ—¶é—´

### å­—ç¬¦ä¸²ç±»å‹
ç±»å‹	å¤§å°	ç”¨é€”
CHAR	0-255å­—èŠ‚	å®šé•¿å­—ç¬¦ä¸²
VARCHAR	0-65535 å­—èŠ‚	å˜é•¿å­—ç¬¦ä¸²
TINYBLOB	0-255å­—èŠ‚	ä¸è¶…è¿‡ 255 ä¸ªå­—ç¬¦çš„äºŒè¿›åˆ¶å­—ç¬¦ä¸²
TINYTEXT	0-255å­—èŠ‚	çŸ­æ–‡æœ¬å­—ç¬¦ä¸²
BLOB	0-65 535å­—èŠ‚	äºŒè¿›åˆ¶å½¢å¼çš„é•¿æ–‡æœ¬æ•°æ®
TEXT	0-65 535å­—èŠ‚	é•¿æ–‡æœ¬æ•°æ®
MEDIUMBLOB	0-16 777 215å­—èŠ‚	äºŒè¿›åˆ¶å½¢å¼çš„ä¸­ç­‰é•¿åº¦æ–‡æœ¬æ•°æ®
MEDIUMTEXT	0-16 777 215å­—èŠ‚	ä¸­ç­‰é•¿åº¦æ–‡æœ¬æ•°æ®
LONGBLOB	0-4 294 967 295å­—èŠ‚	äºŒè¿›åˆ¶å½¢å¼çš„æå¤§æ–‡æœ¬æ•°æ®
LONGTEXT	0-4 294 967 295å­—èŠ‚	æå¤§æ–‡æœ¬æ•°æ®

### éªŒè¯æ•°æ®ç±»å‹ TINYINT
åˆ›å»ºè¡¨
```sql 
create table testType(
    -> number TINYINT
    -> ); 
```
æŸ¥çœ‹è¡¨
```sql
desc testType;
+--------+------------+------+-----+---------+-------+
| Field  | Type       | Null | Key | Default | Extra |
+--------+------------+------+-----+---------+-------+
| number | tinyint(4) | YES  |     | NULL    |       |
+--------+------------+------+-----+---------+-------+
1 row in set (0.00 sec) 
```
æ’å…¥æ•°æ®
```sql
 insert into testType values (127);
Query OK, 1 row affected (0.00 sec)

insert into testType  values (128);
ERROR 1264 (22003): Out of range value for column 'number' at row 1
```
åœ¨æ’å…¥128çš„æ—¶å€™æŠ¥é”™ï¼Œå› ä¸ºå·²ç»è¶…è¶Šäº†è¦æ±‚çš„å€¼


## åŸºæœ¬è¯­æ³•
```sql 
-- æ˜¾ç¤ºæ‰€æœ‰æ•°æ®åº“
show databases;
+--------------------+
| Database           |
+--------------------+
| information_schema |
| mysql              |
| performance_schema |
| sys                |
+--------------------+
4 rows in set (0.00 sec)

-- åˆ›å»ºæ•°æ®åº“
CREATE DATABASE test;
Query OK, 1 row affected (0.00 sec)

-- åˆ‡æ¢æ•°æ®åº“
use  test;
Database changed

-- æ˜¾ç¤ºæ•°æ®åº“ä¸­çš„æ‰€æœ‰è¡¨
show tables;
Empty set (0.00 sec)

-- åˆ›å»ºæ•°æ®è¡¨
mysq> CREATE TABLE pet(
    name VARCHAR(20),
    owner VARCHAR(20),
    species VARCHAR(20),
    sex CHAR(1),
    birth DATE,
    death DATE
);
Query OK, 0 rows affected (0.03 sec)

-- æŸ¥çœ‹æ•°æ®è¡¨ç»“æ„
desc pet;
+---------+-------------+------+-----+---------+-------+
| Field   | Type        | Null | Key | Default | Extra |
+---------+-------------+------+-----+---------+-------+
| name    | varchar(20) | YES  |     | NULL    |       |
| owner   | varchar(20) | YES  |     | NULL    |       |
| species | varchar(20) | YES  |     | NULL    |       |
| sex     | char(1)     | YES  |     | NULL    |       |
| birth   | date        | YES  |     | NULL    |       |
| death   | date        | YES  |     | NULL    |       |
+---------+-------------+------+-----+---------+-------+
6 rows in set (0.00 sec)

-- æŸ¥è¯¢è¡¨
select * from pet;
Empty set (0.00 sec)

-- æ’å…¥æ•°æ®
INSERT INTO pet 
VALUES ('puffball', 'Diane', 'hamster', 'f', '1990-03-30', NULL);
Query OK, 1 row affected (0.00 sec)

-- ä¿®æ”¹æ•°æ®
UPDATE pet 
SET name = 'squirrel' 
where owner = 'Diane';
Query OK, 1 row affected (0.01 sec)
Rows matched: 1  Changed: 1  Warnings: 0

-- åˆ é™¤æ•°æ®
DELETE FROM pet 
where name = 'squirrel';

-- åˆ é™¤è¡¨
DROP TABLE pet;
```




## å»ºè¡¨çº¦æŸ

### ä¸»é”®çº¦æŸ

ä»–èƒ½å¤Ÿå”¯ä¸€ç¡®å®šä¸€å¼ è¡¨ä¸­çš„æ¯ä¸€æ¡è®°å½•ï¼Œä¹Ÿå°±æ˜¯æˆ‘ä»¬é€šè¿‡ç»™æŸä¸ªå­—æ®µæ·»åŠ çº¦æŸï¼Œå°±å¯ä»¥ä½¿å¾—è¯¥å­—æ®µä¸é‡å¤ä¸”ä¸ä¸ºç©º
åˆ›å»ºæœ‰ä¸»é”®çº¦æŸçš„è¡¨
```sql 
create table user(
    id int primary key,
    name varchar(25)
);
```
æŸ¥çœ‹è¡¨ç»“æ„
```sql 
desc user;
+-------+-------------+------+-----+---------+-------+
| Field | Type        | Null | Key | Default | Extra |
+-------+-------------+------+-----+---------+-------+
| id    | int(11)     | NO   | PRI | NULL    |       |
| name  | varchar(25) | YES  |     | NULL    |       |
+-------+-------------+------+-----+---------+-------+
2 rows in set (0.00 sec)
```
è¿™é‡Œkeyä¸Šæœ‰ä¸€ä¸ªPrimaryçš„å°±æ˜¯ä¸»é”®
æ’å…¥ä¸¤æ¡å€¼
```sql
insert into user 
values(1,'å¼ ä¸‰'); 

insert into user
values(1,'æå››');

insert into user values(1,'æå››');
ERROR 1062 (23000): Duplicate entry '1' for key 'PRIMARY'
```
æŠ¥é”™ï¼Œä¸»é”®é‡å¤ 


### è”åˆä¸»é”®
åªè¦è”åˆçš„ä¸»é”®å€¼åŠ èµ·æ¥ä¸é‡å¤å°±å¯ä»¥å‡ºç°
```sql
create table user2(
    id int,
    name varchar(20),
    password varchar(20),
    primary key (id,name)
);
```
æ’å…¥å€¼
```sql
insert into user2 values (1,'ç‹äº”','hzjqq');
insert into user2 values (2,'ç‹äº”','hzjqq'); -- å¯ä»¥æ’å…¥ 
insert into user2 values (1,'ç‹äº”','hzjqq'); -- æ— æ³•æ’å…¥ è”åˆç»„ä¸€æ‘¸ä¸€æ ·
```



### è‡ªå¢çº¦æŸ

åˆ›å»ºè¡¨
```sql 
create table user3 (
    id int primary key auto_increment,
    name varchar(20)
);
```
æ’å…¥å€¼
```sql
insert into user3 (name) values("hzj");
insert into user3 (name) values("zh");
insert into user3 (name) values("qqq");
```


### ä½¿ç”¨alterä¿®æ”¹è¡¨å±æ€§
åˆ›å»ºè¡¨
```sql 
create table user4(
    id int ,
    name varchar(20)
);
```
ä½¿ç”¨Alterä¿®æ”¹è¡¨å±æ€§æ¥æ·»åŠ ä¸»é”®
```sql
alter table user4 add primary key (id);
```
ä½¿ç”¨alterä¿®æ”¹è¡¨å±æ€§æ¥æ·»åŠ è¡¨å¤´
```sql
alter table user4 add column sex varchar(20);
```
ä½¿ç”¨alterä¿®æ”¹è¡¨å±æ€§æ¥åˆ é™¤ä¸»é”®
```sql 
alter table user4 drop primary key ;
```
ä½¿ç”¨alterä¿®æ”¹è¡¨å±æ€§æ¥ä¿®æ”¹ä¸»é”® ï¼ˆåå­—+type  id intï¼‰
```sql
alter table user4 
modify id int primary key;
```
### å”¯ä¸€çº¦æŸ
çº¦æŸä¿®é¥°çš„å­—æ®µçš„å€¼ä¸å¯ä»¥é‡å¤

<font color='red '>ä¸»é”®çº¦æŸå”¯ä¸€ä¸”ä¸å…è®¸ä¸ºç©ºï¼Œä½†æ˜¯å”¯ä¸€çº¦æŸä¿è¯å”¯ä¸€å…è®¸ä¸ºç©º</font>  

```sql
create table user5(
    id int,
    name varchar(20)
);
```
ä¿®æ”¹ä¸»é”®æ·»åŠ å”¯ä¸€ä¸»é”®çº¦æŸ
```sql
alter table user5 add unique(name);
-- æˆ–è€…
alter table user5 modify name varchar(20) unique;
+-------+-------------+------+-----+---------+-------+
| Field | Type        | Null | Key | Default | Extra |
+-------+-------------+------+-----+---------+-------+
| id    | int(11)     | YES  |     | NULL    |       |
| name  | varchar(20) | YES  | UNI | NULL    |       |
+-------+-------------+------+-----+---------+-------+
2 rows in set (0.00 sec)
```
æ’å…¥å€¼
```sql
insert into  user5 value (1,NULL); -- success
insert into user5 value (1,Null); -- success 
insert into user5 value (2,NULL);  -- success
insert into user5 value (2,'hzj'); -- faild
insert into user5 value (2,'hzj'); -- faild

select * from user5;
+------+------+
| id   | name |
+------+------+
|    1 | NULL |
|    1 | NULL |
|    2 | NULL |
+------+------+
```
<font color='red'>ä¹‹å‰è¯´è¿‡uniqueä¼šä¿è¯å”¯ä¸€æ€§ï¼Œä½†æ˜¯å…è®¸ä¸ºç©ºï¼Œå¯¹äºç©ºçš„å­—æ®µï¼Œåˆ™ä¸ä¿è¯å”¯ä¸€æ€§ï¼Œå¯ä»¥æ’å…¥</font>

<font color='blue'>åˆ›å»ºå”¯ä¸€çº¦æŸçš„å¦å¤–çš„æ–¹æ³•</font>

```sql
create table user7(
    id int,
    name varchar(20) unique,
    age int
)
```

<font color='blue'>ç»„åˆé”®ä¸é‡å¤å³å¯</font>

unique(id,name) è¡¨ç¤ºä¸¤ä¸ªé”®åœ¨ä¸€èµ·ä¸é‡å¤å°±å¯ä»¥é€šè¿‡

<font color='blue'>åˆ é™¤å”¯ä¸€çº¦æŸ</font>

```sql
-- index  æŒ‡å®šæ˜¯åˆ é™¤å”¯ä¸€çº¦æŸçš„å‘½ä»¤
-- user5 æŒ‡å®šè¡¨
-- name æŒ‡å®šè¡¨é¡¹
alter table use5 drop index name
```

### éç©ºçº¦æŸ
ä¿®é¥°çš„å­—æ®µä¸èƒ½ä¸ºç©º  NULL
åˆ›å»ºè¡¨
```sql
create table user9(
    id int,
    name varchar(10) NOT NULL
);
```
æŸ¥çœ‹è¡¨
```sql
mysql> desc user9;
+-------+-------------+------+-----+---------+-------+
| Field | Type        | Null | Key | Default | Extra |
+-------+-------------+------+-----+---------+-------+
| id    | int(11)     | YES  |     | NULL    |       |
| name  | varchar(10) | NO   |     | NULL    |       |
+-------+-------------+------+-----+---------+-------+
2 rows in set (0.00 sec)
```

### é»˜è®¤çº¦æŸ
çº¦æŸæŸä¸ªå­—æ®µçš„é»˜è®¤å€¼
```sql
create table user10(
    id int,
    name varchar(20),
    age int Default 10
);
```
æŸ¥çœ‹è¡¨
```sql
mysql> desc user10;
+-------+-------------+------+-----+---------+-------+
| Field | Type        | Null | Key | Default | Extra |
+-------+-------------+------+-----+---------+-------+
| id    | int(11)     | YES  |     | NULL    |       |
| name  | varchar(20) | YES  |     | NULL    |       |
| age   | int(11)     | YES  |     | 10      |       |
+-------+-------------+------+-----+---------+-------+
3 rows in set (0.00 sec)
```
ç§»é™¤é»˜è®¤çº¦æŸ
```sql
alter table user10 modify age int;
```

### å¤–é”®çº¦æŸ
è¡¨ä¸è¡¨ä¹‹é—´çš„è”ç³»

åˆ›å»ºæ•™å®¤è¡¨
```sql
create table classes(
    id int primary key,
    name varchar(20)
);

åˆ›å»ºå­¦ç”Ÿè¡¨
create table students(
    id int primary key,
    name varchar(20),
    age int NOT Null,
    class_id int ,
    foreign key(class_id) references classes(id) 
);
```
æ’å…¥æ•°æ®
```sql
insert into classes values(1,"one");
insert into classes values(2,"two");
insert into classes values(3,"there");
insert into classes values(4,"four");
```
æ’å…¥å­¦ç”Ÿè¡¨
```sql
insert into students values(1,"hzj",1);
insert into students values(2,"hzj",2);
insert into students values(3,"hzj",3);
insert into students values(5,"hzj",5); -- æŠ¥é”™ï¼Œå› ä¸ºæ²¡æœ‰5ç­
-- ERROR 1136 (21S01): Column count doesn't match value count at row 1
insert into students values(4,"hzj",4);
```

ä¸»è¡¨classes ä¸­æ²¡æœ‰çš„æ•°æ®å€¼ï¼Œåœ¨å‰¯è¡¨ä¸­ï¼Œæ˜¯ä¸å¯ä»¥ä½¿ç”¨çš„
ä¸»è¡¨ä¸­çš„è®°å½•è¢«å‰¯è¡¨å¼•ç”¨æ—¶ï¼Œæ˜¯ä¸å¯ä»¥è¢«åˆ é™¤çš„ã€‚åªæœ‰å°†å¼•ç”¨çš„å‰¯è¡¨åˆ é™¤äº†ä»¥åï¼Œæ‰èƒ½åˆ é™¤ä¸»è¡¨



## æ•°æ®åº“çš„ä¸‰å¤§è®¾è®¡èŒƒå¼
- 1NF
åªè¦å­—æ®µå€¼è¿˜å¯ä»¥ç»§ç»­æ‹†åˆ†ï¼Œå°±ä¸æ»¡è¶³ç¬¬ä¸€èŒƒå¼ã€‚
èŒƒå¼è®¾è®¡å¾—è¶Šè¯¦ç»†ï¼Œå¯¹æŸäº›å®é™…æ“ä½œå¯èƒ½ä¼šæ›´å¥½ï¼Œä½†å¹¶ééƒ½æœ‰å¥½å¤„ï¼Œéœ€è¦å¯¹é¡¹ç›®çš„å®é™…æƒ…å†µè¿›è¡Œè®¾å®š
ä¸¾ä¾‹: åˆ›å»ºä¸€ä¸ªè¡¨
```sql
create table selinfo (
    id int primary key  auto_increment,
    name varchar(20),
    address varchar(20)
);
```
æ’å…¥æ•°æ®
```sql
insert into selinfo values('hzj','æ­å·å¸‚è§å±±åŒºxxè¡—é“');
```
è¿™æ ·æ˜¯ä¸è¡Œçš„ï¼Œå› ä¸ºaddressè¿˜å¯ä»¥å†åˆ†ï¼Œå› æ­¤å¯ä»¥è®¾è®¡æˆä¸º
```sql
create table selinfo (
    id int primary key auto_increment,
    name varchar(20),
    city varchar(20),
    address varchar(20)
);
```
- 2NF
åœ¨æ»¡è¶³ç¬¬ä¸€èŒƒå¼çš„å‰æä¸‹ï¼Œå…¶ä»–åˆ—éƒ½å¿…é¡»å®Œå…¨ä¾èµ–äºä¸»é”®åˆ—ã€‚å¦‚æœå‡ºç°ä¸å®Œå…¨ä¾èµ–ï¼Œåªå¯èƒ½å‘ç”Ÿåœ¨è”åˆä¸»é”®çš„æƒ…å†µä¸‹ï¼š
ä¸¾ä¾‹,å•è¡¨åˆ›å»ºä¸€ä¸ªè®¢å•è¡¨
```sql
-- è®¢å•è¡¨
CREATE TABLE myorder (
    product_id INT,
    customer_id INT,
    product_name VARCHAR(20),
    customer_name VARCHAR(20),
    PRIMARY KEY (product_id, customer_id)
);
```
å®é™…ä¸Šï¼Œåœ¨è¿™å¼ è®¢å•è¡¨ä¸­ï¼Œproduct_name åªä¾èµ–äº product_id ï¼Œcustomer_name åªä¾èµ–äº customer_id ã€‚ä¹Ÿå°±æ˜¯è¯´ï¼Œproduct_name å’Œ customer_id æ˜¯æ²¡ç”¨å…³ç³»çš„ï¼Œcustomer_name å’Œ product_id ä¹Ÿæ˜¯æ²¡æœ‰å…³ç³»çš„ã€‚

åˆ›å»ºå¤šå¼ è¡¨
```sql
-- ä¸»è¡¨
CREATE TABLE myorder (
    order_id INT PRIMARY KEY,
    product_id INT,
    customer_id INT
);
-- äº§å“è¡¨
CREATE TABLE product (
    id INT PRIMARY KEY,
    name VARCHAR(20)
);
-- ç”¨æˆ·è¡¨
CREATE TABLE customer (
    id INT PRIMARY KEY,
    name VARCHAR(20)
);
```
<font color='red'>ä¹Ÿå°±æ˜¯è¯´ä¸€ä¸ªä¸»é”®è¦å¯¹åº”ä¸€æ®µä¿¡æ¯</font>
æ‹†åˆ†ä¹‹åï¼Œmyorder è¡¨ä¸­çš„ product_id å’Œ customer_id å®Œå…¨ä¾èµ–äº order_id ä¸»é”®ï¼Œè€Œ product å’Œ customer è¡¨ä¸­çš„å…¶ä»–å­—æ®µåˆå®Œå…¨ä¾èµ–äºä¸»é”®ã€‚æ»¡è¶³äº†ç¬¬äºŒèŒƒå¼çš„è®¾è®¡ï¼

- 3NF
åœ¨æ»¡è¶³ç¬¬äºŒèŒƒå¼çš„å‰æä¸‹ï¼Œé™¤äº†ä¸»é”®åˆ—ä¹‹å¤–ï¼Œå…¶ä»–åˆ—ä¹‹é—´ä¸èƒ½æœ‰ä¼ é€’ä¾èµ–å…³ç³»ã€‚
```sql
CREATE TABLE myorder (
    order_id INT PRIMARY KEY,
    product_id INT,
    customer_id INT,
    customer_phone VARCHAR(15)
);
```
è¡¨ä¸­çš„ customer_phone æœ‰å¯èƒ½ä¾èµ–äº order_id ã€ customer_id ä¸¤åˆ—ï¼Œä¹Ÿå°±ä¸æ»¡è¶³äº†ç¬¬ä¸‰èŒƒå¼çš„è®¾è®¡ï¼šå…¶ä»–åˆ—ä¹‹é—´ä¸èƒ½æœ‰ä¼ é€’ä¾èµ–å…³ç³»ã€‚
```sql
CREATE TABLE myorder (
    order_id INT PRIMARY KEY,
    product_id INT,
    customer_id INT
);

CREATE TABLE customer (
    id INT PRIMARY KEY,
    name VARCHAR(20),
    phone VARCHAR(15)
)
```
ä¿®æ”¹åå°±ä¸å­˜åœ¨å…¶ä»–åˆ—ä¹‹é—´çš„ä¼ é€’ä¾èµ–å…³ç³»ï¼Œå…¶ä»–åˆ—éƒ½åªä¾èµ–äºä¸»é”®åˆ—ï¼Œæ»¡è¶³äº†ç¬¬ä¸‰èŒƒå¼çš„è®¾è®¡ï¼

## æŸ¥è¯¢

### å‡†å¤‡æ•°æ®
```sql
-- åˆ›å»ºæ•°æ®åº“
CREATE DATABASE select_test character set utf8 collate utf8_general_ci;

-- åˆ‡æ¢æ•°æ®åº“
USE select_test1;

-- åˆ›å»ºå­¦ç”Ÿè¡¨
CREATE TABLE student (
    no VARCHAR(20) PRIMARY KEY,
    name VARCHAR(20) NOT NULL,
    sex VARCHAR(10) NOT NULL,
    birthday DATE, -- ç”Ÿæ—¥
    class VARCHAR(20) -- æ‰€åœ¨ç­çº§
);

-- åˆ›å»ºæ•™å¸ˆè¡¨
CREATE TABLE teacher (
    no VARCHAR(20) PRIMARY KEY,
    name VARCHAR(20) NOT NULL,
    sex VARCHAR(10) NOT NULL,
    birthday DATE,
    profession VARCHAR(20) NOT NULL, -- èŒç§°
    department VARCHAR(20) NOT NULL -- éƒ¨é—¨
);

-- åˆ›å»ºè¯¾ç¨‹è¡¨
CREATE TABLE course (
    no VARCHAR(20) PRIMARY KEY,
    name VARCHAR(20) NOT NULL,
    t_no VARCHAR(20) NOT NULL, -- æ•™å¸ˆç¼–å·
    -- è¡¨ç¤ºè¯¥ tno æ¥è‡ªäº teacher è¡¨ä¸­çš„ no å­—æ®µå€¼
    FOREIGN KEY(t_no) REFERENCES teacher(no) 
);

-- æˆç»©è¡¨
CREATE TABLE score (
    s_no VARCHAR(20) NOT NULL, -- å­¦ç”Ÿç¼–å·
    c_no VARCHAR(20) NOT NULL, -- è¯¾ç¨‹å·
    degree DECIMAL,	-- æˆç»©
    -- è¡¨ç¤ºè¯¥ s_no, c_no åˆ†åˆ«æ¥è‡ªäº student, course è¡¨ä¸­çš„ no å­—æ®µå€¼
    FOREIGN KEY(s_no) REFERENCES student(no),	
    FOREIGN KEY(c_no) REFERENCES course(no),
    -- è®¾ç½® s_no, c_no ä¸ºè”åˆä¸»é”®
    PRIMARY KEY(s_no, c_no)
);

-- æŸ¥çœ‹æ‰€æœ‰è¡¨
SHOW TABLES;

-- æ·»åŠ å­¦ç”Ÿè¡¨æ•°æ®
INSERT INTO student VALUES('101', 'æ›¾å', 'ç”·', '1977-09-01', '95033');
INSERT INTO student VALUES('102', 'åŒ¡æ˜', 'ç”·', '1975-10-02', '95031');
INSERT INTO student VALUES('103', 'ç‹ä¸½', 'å¥³', '1976-01-23', '95033');
INSERT INTO student VALUES('104', 'æå†›', 'ç”·', '1976-02-20', '95033');
INSERT INTO student VALUES('105', 'ç‹èŠ³', 'å¥³', '1975-02-10', '95031');
INSERT INTO student VALUES('106', 'é™†å†›', 'ç”·', '1974-06-03', '95031');
INSERT INTO student VALUES('107', 'ç‹å°¼ç›', 'ç”·', '1976-02-20', '95033');
INSERT INTO student VALUES('108', 'å¼ å…¨è›‹', 'ç”·', '1975-02-10', '95031');
INSERT INTO student VALUES('109', 'èµµé“æŸ±', 'ç”·', '1974-06-03', '95031');

-- æ·»åŠ æ•™å¸ˆè¡¨æ•°æ®
INSERT INTO teacher VALUES('804', 'æè¯š', 'ç”·', '1958-12-02', 'å‰¯æ•™æˆ', 'è®¡ç®—æœºç³»');
INSERT INTO teacher VALUES('856', 'å¼ æ—­', 'ç”·', '1969-03-12', 'è®²å¸ˆ', 'ç”µå­å·¥ç¨‹ç³»');
INSERT INTO teacher VALUES('825', 'ç‹è', 'å¥³', '1972-05-05', 'åŠ©æ•™', 'è®¡ç®—æœºç³»');
INSERT INTO teacher VALUES('831', 'åˆ˜å†°', 'å¥³', '1977-08-14', 'åŠ©æ•™', 'ç”µå­å·¥ç¨‹ç³»');

-- æ·»åŠ è¯¾ç¨‹è¡¨æ•°æ®
INSERT INTO course VALUES('3-105', 'è®¡ç®—æœºå¯¼è®º', '825');
INSERT INTO course VALUES('3-245', 'æ“ä½œç³»ç»Ÿ', '804');
INSERT INTO course VALUES('6-166', 'æ•°å­—ç”µè·¯', '856');
INSERT INTO course VALUES('9-888', 'é«˜ç­‰æ•°å­¦', '831');

-- æ·»åŠ æ·»åŠ æˆç»©è¡¨æ•°æ®
INSERT INTO score VALUES('103', '3-105', '92');
INSERT INTO score VALUES('103', '3-245', '86');
INSERT INTO score VALUES('103', '6-166', '85');
INSERT INTO score VALUES('105', '3-105', '88');
INSERT INTO score VALUES('105', '3-245', '75');
INSERT INTO score VALUES('105', '6-166', '79');
INSERT INTO score VALUES('109', '3-105', '76');
INSERT INTO score VALUES('109', '3-245', '68');
INSERT INTO score VALUES('109', '6-166', '81');

-- æŸ¥çœ‹è¡¨ç»“æ„
mysql> SELECT * FROM course;
+-------+-----------------+------+
| no    | name            | t_no |
+-------+-----------------+------+
| 3-105 | è®¡ç®—æœºå¯¼è®º      | 825  |
| 3-245 | æ“ä½œç³»ç»Ÿ        | 804  |
| 6-166 | æ•°å­—ç”µè·¯        | 856  |
| 9-888 | é«˜ç­‰æ•°å­¦        | 831  |
+-------+-----------------+------+
4 rows in set (0.00 sec)

mysql> SELECT * FROM score;
+------+-------+--------+
| s_no | c_no  | degree |
+------+-------+--------+
| 103  | 3-105 |     92 |
| 103  | 3-245 |     86 |
| 103  | 6-166 |     85 |
| 105  | 3-105 |     88 |
| 105  | 3-245 |     75 |
| 105  | 6-166 |     79 |
| 109  | 3-105 |     76 |
| 109  | 3-245 |     68 |
| 109  | 6-166 |     81 |
+------+-------+--------+
9 rows in set (0.00 sec)
mysql> SELECT * FROM student;
+-----+-----------+-----+------------+-------+
| no  | name      | sex | birthday   | class |
+-----+-----------+-----+------------+-------+
| 101 | æ›¾å      | ç”·  | 1977-09-01 | 95033 |
| 102 | åŒ¡æ˜      | ç”·  | 1975-10-02 | 95031 |
| 103 | ç‹ä¸½      | å¥³  | 1976-01-23 | 95033 |
| 104 | æå†›      | ç”·  | 1976-02-20 | 95033 |
| 105 | ç‹èŠ³      | å¥³  | 1975-02-10 | 95031 |
| 106 | é™†å†›      | ç”·  | 1974-06-03 | 95031 |
| 107 | ç‹å°¼ç›    | ç”·  | 1976-02-20 | 95033 |
| 108 | å¼ å…¨è›‹    | ç”·  | 1975-02-10 | 95031 |
| 109 | èµµé“æŸ±    | ç”·  | 1974-06-03 | 95031 |
+-----+-----------+-----+------------+-------+
9 rows in set (0.00 sec)

mysql> SELECT * FROM teacher;
+-----+--------+-----+------------+------------+-----------------+
| no  | name   | sex | birthday   | profession | department      |
+-----+--------+-----+------------+------------+-----------------+
| 804 | æè¯š   | ç”·  | 1958-12-02 | å‰¯æ•™æˆ     | è®¡ç®—æœºç³»        |
| 825 | ç‹è   | å¥³  | 1972-05-05 | åŠ©æ•™       | è®¡ç®—æœºç³»        |
| 831 | åˆ˜å†°   | å¥³  | 1977-08-14 | åŠ©æ•™       | ç”µå­å·¥ç¨‹ç³»      |
| 856 | å¼ æ—­   | ç”·  | 1969-03-12 | è®²å¸ˆ       | ç”µå­å·¥ç¨‹ç³»      |
+-----+--------+-----+------------+------------+-----------------+
4 rows in set (0.00 sec)

```

### åŸºç¡€æŸ¥è¯¢
```sql
-- æŸ¥è¯¢ student è¡¨çš„æ‰€æœ‰è¡Œ
SELECT * FROM student;

-- æŸ¥è¯¢ student è¡¨ä¸­çš„ nameã€sex å’Œ class å­—æ®µçš„æ‰€æœ‰è¡Œ
SELECT name, sex, class FROM student;

-- æŸ¥è¯¢ teacher è¡¨ä¸­ä¸é‡å¤çš„ department åˆ—
-- department: å»é‡æŸ¥è¯¢
SELECT DISTINCT department FROM teacher;

-- æŸ¥è¯¢ score è¡¨ä¸­æˆç»©åœ¨60-80ä¹‹é—´çš„æ‰€æœ‰è¡Œï¼ˆåŒºé—´æŸ¥è¯¢å’Œè¿ç®—ç¬¦æŸ¥è¯¢ï¼‰
-- BETWEEN xx AND xx: æŸ¥è¯¢åŒºé—´, AND è¡¨ç¤º "å¹¶ä¸”"
SELECT * FROM score WHERE degree BETWEEN 60 AND 80;
SELECT * FROM score WHERE degree > 60 AND degree < 80;

-- æŸ¥è¯¢ score è¡¨ä¸­æˆç»©ä¸º 85, 86 æˆ– 88 çš„è¡Œ
-- IN: æŸ¥è¯¢è§„å®šä¸­çš„å¤šä¸ªå€¼
SELECT * FROM score WHERE degree IN (85, 86, 88);

-- æŸ¥è¯¢ student è¡¨ä¸­ '95031' ç­æˆ–æ€§åˆ«ä¸º 'å¥³' çš„æ‰€æœ‰è¡Œ
-- or: è¡¨ç¤ºæˆ–è€…å…³ç³»
SELECT * FROM student WHERE class = '95031' or sex = 'å¥³';

-- ä»¥ class é™åºçš„æ–¹å¼æŸ¥è¯¢ student è¡¨çš„æ‰€æœ‰è¡Œ
-- DESC: é™åºï¼Œä»é«˜åˆ°ä½
-- ASCï¼ˆé»˜è®¤ï¼‰: å‡åºï¼Œä»ä½åˆ°é«˜
SELECT * FROM student ORDER BY class DESC;
SELECT * FROM student ORDER BY class ASC;

-- ä»¥ c_no å‡åºã€degree é™åºæŸ¥è¯¢ score è¡¨çš„æ‰€æœ‰è¡Œ
SELECT * FROM score ORDER BY c_no ASC, degree DESC;

-- æŸ¥è¯¢ "95031" ç­çš„å­¦ç”Ÿäººæ•°
-- COUNT: ç»Ÿè®¡
SELECT COUNT(*) FROM student WHERE class = '95031';

-- æŸ¥è¯¢ score è¡¨ä¸­çš„æœ€é«˜åˆ†çš„å­¦ç”Ÿå­¦å·å’Œè¯¾ç¨‹ç¼–å·ï¼ˆå­æŸ¥è¯¢æˆ–æ’åºæŸ¥è¯¢ï¼‰ã€‚
-- (SELECT MAX(degree) FROM score): å­æŸ¥è¯¢ï¼Œç®—å‡ºæœ€é«˜åˆ†
SELECT s_no, c_no 
FROM score 
WHERE degree = (
    SELECT MAX(degree) 
    FROM score
);

--  æ’åºæŸ¥è¯¢
-- LIMIT r, n: è¡¨ç¤ºä»ç¬¬rè¡Œå¼€å§‹ï¼ŒæŸ¥è¯¢næ¡æ•°æ®
SELECT s_no, c_no, degree 
FROM score 
ORDER BY degree 
DESC LIMIT 0, 1;

```
### åˆ†ç»„æŸ¥è¯¢
1. æŸ¥è¯¢æ¯é—¨è¯¾çš„å¹³å‡æˆç»©
```sql
-- AVG: å¹³å‡å€¼
SELECT AVG(degree) FROM score WHERE c_no = '3-105';
SELECT AVG(degree) FROM score WHERE c_no = '3-245';
SELECT AVG(degree) FROM score WHERE c_no = '6-166';

-- GROUP BY: åˆ†ç»„æŸ¥è¯¢
SELECT c_no, AVG(degree) FROM score GROUP BY c_no;

-- è®¡ç®—æ¯ä¸€é—¨è¯¾ç¨‹æ‹¥æœ‰çš„æŠ¥åäººæ•°ï¼Œè¿™é‡Œä»¥c_noåˆ†ç»„ï¼Œå…¶ä»–åˆ—é»˜è®¤é€‰ç¬¬ä¸€æ¡æ•°æ®çš„å†…å®¹
mysql> select c_no,s_no,degree, COUNT(c_no) from score group by c_no;
+-------+------+--------+-------------+
| c_no  | s_no | degree | COUNT(c_no) |
+-------+------+--------+-------------+
| 3-105 | 103  |     92 |           3 |
| 3-245 | 103  |     86 |           3 |
| 6-166 | 103  |     85 |           3 |
+-------+------+--------+-------------+
3 rows in set (0.00 sec)
```


2. æŸ¥è¯¢ score è¡¨ä¸­è‡³å°‘æœ‰ 2 åå­¦ç”Ÿé€‰ä¿®ï¼Œå¹¶ä»¥ 3 å¼€å¤´çš„è¯¾ç¨‹çš„å¹³å‡åˆ†æ•°ã€‚
ç®€ç­”çš„åˆ†æä¸€ä¸‹ï¼Œé¦–å…ˆæ˜¯æ±‚å¹³å‡æ•°  avg(degree)
å…¶æ¬¡æ˜¯ä»¥è¯¾ç¨‹ä¸ºåˆ†ç»„  group by c_no
ç„¶åæ˜¯ 2åä»¥ä¸Šå­¦ç”Ÿå‚åŠ  3å¼€å¤´çš„è¯¾ç¨‹
```sql
mysql> select avg(degree) from score group by c_no having c_no like '3%' and count(c_no)>2;
+-------------+
| avg(degree) |
+-------------+
|     85.3333 |
|     76.3333 |
+-------------+
```


### å¤šè¡¨æŸ¥è¯¢
1. æŸ¥è¯¢æ‰€æœ‰å­¦ç”Ÿçš„ nameï¼Œä»¥åŠè¯¥å­¦ç”Ÿåœ¨ score è¡¨ä¸­å¯¹åº”çš„ c_no å’Œ degree ã€‚
```sql
-- æŸ¥çœ‹æ‰€æœ‰å­¦ç”Ÿ
mysql> select * from student;
+-----+-----------+-----+------------+-------+
| no  | name      | sex | birthday   | class |
+-----+-----------+-----+------------+-------+
| 101 | æ›¾å      | ç”·  | 1977-09-01 | 95033 |
| 102 | åŒ¡æ˜      | ç”·  | 1975-10-02 | 95031 |
| 103 | ç‹ä¸½      | å¥³  | 1976-01-23 | 95033 |
| 104 | æå†›      | ç”·  | 1976-02-20 | 95033 |
| 105 | ç‹èŠ³      | å¥³  | 1975-02-10 | 95031 |
| 106 | é™†å†›      | ç”·  | 1974-06-03 | 95031 |
| 107 | ç‹å°¼ç›    | ç”·  | 1976-02-20 | 95033 |
| 108 | å¼ å…¨è›‹    | ç”·  | 1975-02-10 | 95031 |
| 109 | èµµé“æŸ±    | ç”·  | 1974-06-03 | 95031 |
+-----+-----------+-----+------------+-------+
9 rows in set (0.00 sec)
-- æŸ¥è¯¢æ‰€æœ‰æˆç»©
mysql> select * from score;
+------+-------+--------+
| s_no | c_no  | degree |
+------+-------+--------+
| 103  | 3-105 |     92 |
| 103  | 3-245 |     86 |
| 103  | 6-166 |     85 |
| 105  | 3-105 |     88 |
| 105  | 3-245 |     75 |
| 105  | 6-166 |     79 |
| 109  | 3-105 |     76 |
| 109  | 3-245 |     68 |
| 109  | 6-166 |     81 |
+------+-------+--------+
9 rows in set (0.00 sec)
```
å…¶ä¸­è¿™é‡Œnoä¸scoreä¸­çš„s_noåšäº†å¯¹åº”,é¦–å…ˆåšä¸€ä¸ªèšåˆï¼Œ8*8ä¸€å…±ä¼šå‡ºç°81æ¡æ•°æ®
ç„¶ååœ¨åšæ¡ä»¶ç­›é€‰
```sql
mysql > select s_no,no,name from student,score ;
...
81 rows in set (0.00 sec)
mysql> select name,c_no,degree  from student,score where student.no = score.s_no ;
+-----------+-------+--------+
| name      | c_no  | degree |
+-----------+-------+--------+
| ç‹ä¸½      | 3-105 |     92 |
| ç‹ä¸½      | 3-245 |     86 |
| ç‹ä¸½      | 6-166 |     85 |
| ç‹èŠ³      | 3-105 |     88 |
| ç‹èŠ³      | 3-245 |     75 |
| ç‹èŠ³      | 6-166 |     79 |
| èµµé“æŸ±    | 3-105 |     76 |
| èµµé“æŸ±    | 3-245 |     68 |
| èµµé“æŸ±    | 6-166 |     81 |
+-----------+-------+--------+
```
2. æŸ¥è¯¢æ‰€æœ‰å­¦ç”Ÿçš„ no ã€è¯¾ç¨‹åç§° ( course è¡¨ä¸­çš„ name ) å’Œæˆç»© ( score è¡¨ä¸­çš„ degree ) åˆ—ã€‚
```sql
mysql> select * from course;
+-------+-----------------+------+
| no    | name            | t_no |
+-------+-----------------+------+
| 3-105 | è®¡ç®—æœºå¯¼è®º      | 825  |
| 3-245 | æ“ä½œç³»ç»Ÿ        | 804  |
| 6-166 | æ•°å­—ç”µè·¯        | 856  |
| 9-888 | é«˜ç­‰æ•°å­¦        | 831  |
+-------+-----------------+------+
4 rows in set (0.01 sec)
mysql> select * from score;
+------+-------+--------+
| s_no | c_no  | degree |
+------+-------+--------+
| 103  | 3-105 |     92 |
| 103  | 3-245 |     86 |
| 103  | 6-166 |     85 |
| 105  | 3-105 |     88 |
| 105  | 3-245 |     75 |
| 105  | 6-166 |     79 |
| 109  | 3-105 |     76 |
| 109  | 3-245 |     68 |
| 109  | 6-166 |     81 |
+------+-------+--------+
9 rows in set (0.00 sec)
```
```sql
-- å¢åŠ ä¸€ä¸ªæŸ¥è¯¢å­—æ®µ nameï¼Œåˆ†åˆ«ä» scoreã€course è¿™ä¸¤ä¸ªè¡¨ä¸­æŸ¥è¯¢ã€‚
-- as è¡¨ç¤ºå–ä¸€ä¸ªè¯¥å­—æ®µçš„åˆ«åã€‚
SELECT s_no, name as c_name, degree FROM score, course
WHERE score.c_no = course.no;
+------+-----------------+--------+
| s_no | c_name          | degree |
+------+-----------------+--------+
| 103  | è®¡ç®—æœºå¯¼è®º      |     92 |
| 105  | è®¡ç®—æœºå¯¼è®º      |     88 |
| 109  | è®¡ç®—æœºå¯¼è®º      |     76 |
| 103  | æ“ä½œç³»ç»Ÿ        |     86 |
| 105  | æ“ä½œç³»ç»Ÿ        |     75 |
| 109  | æ“ä½œç³»ç»Ÿ        |     68 |
| 103  | æ•°å­—ç”µè·¯        |     85 |
| 105  | æ•°å­—ç”µè·¯        |     79 |
| 109  | æ•°å­—ç”µè·¯        |     81 |
+------+-----------------+--------+
```
3. æŸ¥è¯¢æ‰€æœ‰å­¦ç”Ÿçš„ name ã€è¯¾ç¨‹å ( course è¡¨ä¸­çš„ name ) å’Œ degree ã€‚
ç”±äºnameå­—æ®µååœ¨studentè¡¨ä¸­ä»¥åŠcourseè¡¨ä¸­éƒ½å‡ºç°è¿‡äº†ï¼Œå› æ­¤ä½¿ç”¨ "è¡¨å.å­—æ®µå as åˆ«å" ä»£æ›¿ã€‚
```sql
mysql> SELECT student.name as s_name, course.name as c_name, degree
    -> FROM student, score, course
    -> WHERE student.NO = score.s_no
    -> AND score.c_no = course.no;
+-----------+-----------------+--------+
| s_name    | c_name          | degree |
+-----------+-----------------+--------+
| ç‹ä¸½      | è®¡ç®—æœºå¯¼è®º      |     92 |
| ç‹èŠ³      | è®¡ç®—æœºå¯¼è®º      |     88 |
| èµµé“æŸ±    | è®¡ç®—æœºå¯¼è®º      |     76 |
| ç‹ä¸½      | æ“ä½œç³»ç»Ÿ        |     86 |
| ç‹èŠ³      | æ“ä½œç³»ç»Ÿ        |     75 |
| èµµé“æŸ±    | æ“ä½œç³»ç»Ÿ        |     68 |
| ç‹ä¸½      | æ•°å­—ç”µè·¯        |     85 |
| ç‹èŠ³      | æ•°å­—ç”µè·¯        |     79 |
| èµµé“æŸ±    | æ•°å­—ç”µè·¯        |     81 |
+-----------+-----------------+--------+
9 rows in set (0.00 sec)
```

### å­æŸ¥è¯¢
1. æŸ¥è¯¢ 95031 ç­å­¦ç”Ÿæ¯é—¨è¯¾ç¨‹çš„å¹³å‡æˆç»©
```sql
SELECT c_no, AVG(degree) FROM score
WHERE s_no IN (SELECT no FROM student WHERE class = '95031')
GROUP BY c_no;
+-------+-------------+
| c_no  | AVG(degree) |
+-------+-------------+
| 3-105 |     82.0000 |
| 3-245 |     71.5000 |
| 6-166 |     80.0000 |
+-------+-------------+
```

2. é¦–å…ˆç­›é€‰å‡ºè¯¾å ‚å·ä¸º 3-105 ï¼Œåœ¨æ‰¾å‡ºæ‰€æœ‰æˆç»©é«˜äº 109 å·åŒå­¦çš„çš„è¡Œã€‚
```sql
mysql> select * from score where c_no = 3-105 and  degree >(select degree from score where s_no = 109 and c_no = '3-105');
+------+-------+--------+
| s_no | c_no  | degree |
+------+-------+--------+
| 103  | 3-105 |     92 |
| 105  | 3-105 |     88 |
+------+-------+--------+
2 rows in set (0.00 sec)
```

3. æŸ¥è¯¢æ‰€æœ‰æˆç»©é«˜äº109å·åŒå­¦çš„3-105è¯¾ç¨‹æˆç»©è®°å½•
```sql
-- ä¸é™åˆ¶è¯¾ç¨‹å·ï¼Œåªè¦æˆç»©å¤§äº109å·åŒå­¦çš„3-105è¯¾ç¨‹æˆç»©å°±å¯ä»¥ã€‚
SELECT * FROM score
WHERE degree > (SELECT degree FROM score WHERE s_no = '109' AND c_no = '3-105');
```

### YEAR å‡½æ•°ä¸å¸¦ IN å…³é”®å­—æŸ¥è¯¢
1. æŸ¥è¯¢æ‰€æœ‰å’Œ 101 ã€108 å·å­¦ç”ŸåŒå¹´å‡ºç”Ÿçš„ no ã€name ã€birthday åˆ—ã€‚
```sql
SELECT no, name, birthday FROM student
WHERE YEAR(birthday) IN (SELECT YEAR(birthday) FROM student WHERE no IN (101, 108));
```

### å¤šå±‚åµŒå¥—å­æŸ¥è¯¢
1. æŸ¥è¯¢ 'å¼ æ—­' æ•™å¸ˆä»»è¯¾çš„å­¦ç”Ÿæˆç»©è¡¨ã€‚
å…ˆæŸ¥è¯¢è€å¸ˆçš„id ç„¶åé€šè¿‡åæŸ¥è¯¾ç¨‹id  å†é€šè¿‡è¯¾ç¨‹idåæŸ¥æˆç»©
```sql
mysql> SELECT * FROM score WHERE c_no = (
    ->     SELECT no FROM course WHERE t_no = (
    ->         SELECT no FROM teacher WHERE NAME = 'å¼ æ—­'
    ->     )
    -> );
+------+-------+--------+
| s_no | c_no  | degree |
+------+-------+--------+
| 103  | 6-166 |     85 |
| 105  | 6-166 |     79 |
| 109  | 6-166 |     81 |
+------+-------+--------+
3 rows in set (0.00 sec)
```
2. æŸ¥è¯¢æŸé€‰ä¿®è¯¾ç¨‹å¤šäº5ä¸ªåŒå­¦çš„æ•™å¸ˆå§“å
```sql
SELECT name FROM teacher WHERE no IN (
    -- æœ€ç»ˆæ¡ä»¶
    SELECT t_no FROM course WHERE no IN (
        SELECT c_no FROM score GROUP BY c_no HAVING COUNT(*) > 5
    )
);
```
3. æŸ¥è¯¢ â€œè®¡ç®—æœºç³»â€ è¯¾ç¨‹çš„æˆç»©è¡¨ã€‚
```sql
-- æ ¹æ®ç­›é€‰å‡ºæ¥çš„è¯¾ç¨‹å·æŸ¥è¯¢æˆç»©è¡¨
SELECT * FROM score WHERE c_no IN (
    SELECT no FROM course WHERE t_no IN (
        SELECT no FROM teacher WHERE department = 'è®¡ç®—æœºç³»'
    )
);
+------+-------+--------+
| s_no | c_no  | degree |
+------+-------+--------+
| 103  | 3-245 |     86 |
| 105  | 3-245 |     75 |
| 109  | 3-245 |     68 |
| 101  | 3-105 |     90 |
| 102  | 3-105 |     91 |
| 103  | 3-105 |     92 |
| 104  | 3-105 |     89 |
| 105  | 3-105 |     88 |
| 109  | 3-105 |     76 |
+------+-------+--------+
```

### UNION å’Œ NOTIN çš„ä½¿ç”¨
1. æŸ¥è¯¢ è®¡ç®—æœºç³» ä¸ ç”µå­å·¥ç¨‹ç³» ä¸­çš„ä¸åŒèŒç§°çš„æ•™å¸ˆã€‚
```sql
-- NOT: ä»£è¡¨é€»è¾‘é
SELECT * FROM teacher WHERE department = 'è®¡ç®—æœºç³»' AND profession NOT IN (
    SELECT profession FROM teacher WHERE department = 'ç”µå­å·¥ç¨‹ç³»'
)
-- åˆå¹¶ä¸¤ä¸ªé›†
UNION
SELECT * FROM teacher WHERE department = 'ç”µå­å·¥ç¨‹ç³»' AND profession NOT IN (
    SELECT profession FROM teacher WHERE department = 'è®¡ç®—æœºç³»'
);
```



### ANY è¡¨ç¤ºè‡³å°‘ä¸€ä¸ª - DESC ( é™åº )
1. æŸ¥è¯¢è¯¾ç¨‹ 3-105 ä¸”æˆç»© è‡³å°‘ é«˜äº 3-245 çš„ score è¡¨ã€‚
```sql
-- ANY: ç¬¦åˆSQLè¯­å¥ä¸­çš„ä»»æ„æ¡ä»¶ã€‚
-- ä¹Ÿå°±æ˜¯è¯´ï¼Œåœ¨ 3-105 æˆç»©ä¸­ï¼Œåªè¦æœ‰ä¸€ä¸ªå¤§äºä» 3-245 ç­›é€‰å‡ºæ¥çš„ä»»æ„è¡Œå°±ç¬¦åˆæ¡ä»¶ï¼Œ
-- æœ€åæ ¹æ®é™åºæŸ¥è¯¢ç»“æœã€‚
SELECT * FROM score WHERE c_no = '3-105' AND degree > ANY(
    SELECT degree FROM score WHERE c_no = '3-245'
) ORDER BY degree DESC;
+------+-------+--------+
| s_no | c_no  | degree |
+------+-------+--------+
| 103  | 3-105 |     92 |
| 105  | 3-105 |     88 |
| 109  | 3-105 |     76 |
+------+-------+--------+
```


### è¡¨ç¤ºæ‰€æœ‰çš„ ALL
1. æŸ¥è¯¢è¯¾ç¨‹ 3-105 ä¸”æˆç»©é«˜äº 3-245 çš„ score è¡¨ã€‚
```sql
-- åªéœ€å¯¹ä¸Šä¸€é“é¢˜ç¨ä½œä¿®æ”¹ã€‚
-- ALL: ç¬¦åˆSQLè¯­å¥ä¸­çš„æ‰€æœ‰æ¡ä»¶ã€‚
-- ä¹Ÿå°±æ˜¯è¯´ï¼Œåœ¨ 3-105 æ¯ä¸€è¡Œæˆç»©ä¸­ï¼Œéƒ½è¦å¤§äºä» 3-245 ç­›é€‰å‡ºæ¥å…¨éƒ¨è¡Œæ‰ç®—ç¬¦åˆæ¡ä»¶ã€‚
SELECT * FROM score WHERE c_no = '3-105' AND degree > ALL(
    SELECT degree FROM score WHERE c_no = '3-245'
);
+------+-------+--------+
| s_no | c_no  | degree |
+------+-------+--------+
| 103  | 3-105 |     92 |
| 105  | 3-105 |     88 |
+------+-------+--------+
2 rows in set (0.00 sec)
```
### æ¡ä»¶åŠ ç»„ç­›é€‰
1. æŸ¥è¯¢ student è¡¨ä¸­è‡³å°‘æœ‰ 2 åç”·ç”Ÿçš„ class ã€‚
```sql
SELECT class FROM student WHERE sex = 'ç”·' GROUP BY class HAVING COUNT(*) > 1;
```

### NOTLIKE æ¨¡ç³ŠæŸ¥è¯¢å–å
æŸ¥è¯¢ student è¡¨ä¸­ä¸å§“ "ç‹" çš„åŒå­¦è®°å½•ã€‚
```sql
-- NOT: å–å
-- LIKE: æ¨¡ç³ŠæŸ¥è¯¢
mysql> SELECT * FROM student WHERE name NOT LIKE 'ç‹%';
+-----+-----------+-----+------------+-------+
| no  | name      | sex | birthday   | class |
+-----+-----------+-----+------------+-------+
| 101 | æ›¾å      | ç”·  | 1977-09-01 | 95033 |
| 102 | åŒ¡æ˜      | ç”·  | 1975-10-02 | 95031 |
| 104 | æå†›      | ç”·  | 1976-02-20 | 95033 |
| 106 | é™†å†›      | ç”·  | 1974-06-03 | 95031 |
| 108 | å¼ å…¨è›‹    | ç”·  | 1975-02-10 | 95031 |
| 109 | èµµé“æŸ±    | ç”·  | 1974-06-03 | 95031 |
| 110 | å¼ é£      | ç”·  | 1974-06-03 | 95038 |
+-----+-----------+-----+------------+-------+
```


### YEAR ä¸ NOW å‡½æ•°
æŸ¥è¯¢ student è¡¨ä¸­æ¯ä¸ªå­¦ç”Ÿçš„å§“åå’Œå¹´é¾„ã€‚
```sql
-- ä½¿ç”¨å‡½æ•° YEAR(NOW()) è®¡ç®—å‡ºå½“å‰å¹´ä»½ï¼Œå‡å»å‡ºç”Ÿå¹´ä»½åå¾—å‡ºå¹´é¾„ã€‚
SELECT name, YEAR(NOW()) - YEAR(birthday) as age FROM student;
+-----------+------+
| name      | age  |
+-----------+------+
| æ›¾å      |   42 |
| åŒ¡æ˜      |   44 |
| ç‹ä¸½      |   43 |
| æå†›      |   43 |
| ç‹èŠ³      |   44 |
| é™†å†›      |   45 |
| ç‹å°¼ç›    |   43 |
| å¼ å…¨è›‹    |   44 |
| èµµé“æŸ±    |   45 |
| å¼ é£      |   45 |
+-----------+------+
```


### MAX ä¸ MIN å‡½æ•°
æŸ¥è¯¢ student è¡¨ä¸­æœ€å¤§å’Œæœ€å°çš„ birthday å€¼ã€‚
```sql
SELECT MAX(birthday), MIN(birthday) FROM student;
+---------------+---------------+
| MAX(birthday) | MIN(birthday) |
+---------------+---------------+
| 1977-09-01    | 1974-06-03    |
+---------------+---------------+

```

https://github.com/hjzCy/sql_node/blob/master/mysql/MySQL%E5%AD%A6%E4%B9%A0%E7%AC%94%E8%AE%B0.md
https://www.bilibili.com/video/av39807944?p=23

![2020-02-24-16-12-39](http://noback.upyun.com/2020-02-24-16-12-39.png)